{"results": [[-0.0, {"__ndarray__": [-1.0, 0.0], "dtype": "float64", "shape": [2]}], [-2.0, {"__ndarray__": [-1.0, -1.0, -1.0, 1.0, -2.0, -1.0, 2.0, -2.0, 0.875, -1.1428571428571428, 0.25], "dtype": "float64", "shape": [11]}], [-372.9999999999999, {"__ndarray__": [-1.0, -1.0, -2.0, -1.4999999999999998, 1.3333333333333333, -1.4999999999999998, -1.0, -1.0, -1.4999999999999998, -2.0, -1.9999999999999998, 0.7499999999999999, 3.333333333333334, 1.5111111111111104, -0.5588235294117647, 1.7105263157894741, 2.869230769230769], "dtype": "float64", "shape": [17]}], [-0.0, {"__ndarray__": [0.0, -1.0], "dtype": "float64", "shape": [2]}], [95.00000000000004, {"__ndarray__": [-1.0, -1.0, 1.0, -2.0, -1.0, -2.0, 2.0, -1.5, -2.0, 0.5, 2.5, 1.1, 1.636363636363637, -1.7592592592592593], "dtype": "float64", "shape": [14]}], [8.000000000000005, {"__ndarray__": [-1.0, 1.0, -2.0, -1.5, -1.0, 1.6666666666666667, 1.4, 1.7142857142857144, -1.25, 2.4000000000000004, 1.9166666666666665, 1.1304347826086958, -0.30769230769230765, 0.3333333333333335], "dtype": "float64", "shape": [14]}], [199.00000000000017, {"__ndarray__": [-1.0, 1.0, -1.0, -1.0, 2.0, -1.4999999999999998, 1.0, -3.3333333333333335, 1.7999999999999998, -1.0, 2.444444444444444, -1.4545454545454544, 0.875, -2.642857142857143, 0.5810810810810811, 1.4651162790697676, -1.801587301587301, -0.8766519823788557], "dtype": "float64", "shape": [18]}], [-225.00000000000006, {"__ndarray__": [-1.0, -1.0, 2.0, -1.5000000000000002, -1.3333333333333333, -1.25, -1.2, 2.333333333333333, 1.2857142857142858, 2.777777777777778, 1.8399999999999999, -2.304347826086957, -0.7075471698113209, -2.5333333333333328, 0.7447368421052633, 0.7526501766784451, 1.056338028169014], "dtype": "float64", "shape": [17]}], [6.0, {"__ndarray__": [-1.0, -1.0, -1.0, 3.0, -1.0, -0.6666666666666666, 2.0, -1.5], "dtype": "float64", "shape": [8]}], [756.0, {"__ndarray__": [-1.0, -1.0, -1.0, 1.0, -2.0, -2.0, -2.0, -1.5, 1.25, -1.5999999999999999, -1.6666666666666667, 0.85, -3.294117647058823, 1.1785714285714288, 2.7272727272727275, 2.0999999999999996], "dtype": "float64", "shape": [16]}], [378.99999999999966, {"__ndarray__": [-1.0, -1.0, 1.0, -2.0, 2.0, -1.0, -1.0, -1.5000000000000002, -3.5, -2.1904761904761902, -1.1956521739130432, 1.5454545454545454, -0.8235294117647057, 1.142857142857143, 2.7374999999999994, 1.7305936073059356], "dtype": "float64", "shape": [16]}], [6.000000000000002, {"__ndarray__": [-1.0, 1.0, -1.0, -1.0, 1.0, -3.0000000000000004, -1.0, -1.0, 1.0, -1.0, -1.6666666666666665, 1.2000000000000004], "dtype": "float64", "shape": [12]}], [5.0, {"__ndarray__": [-1.0, -1.0, -1.0, -1.0, -2.0, 1.0, -1.0, 2.0, -1.5, 0.5, 1.0, -1.6666666666666665, 1.0], "dtype": "float64", "shape": [13]}], [-25.0, {"__ndarray__": [-1.0, -1.0, -1.0, -2.0, 1.5, -1.666666666666667, -1.2, -2.0, -1.0000000000000002, -3.666666666666666, 0.9090909090909091, -0.49999999999999994, -1.25], "dtype": "float64", "shape": [13]}], [-0.0, {"__ndarray__": [-1.0, 0.0, -1.0, -1.0], "dtype": "float64", "shape": [4]}], [-17.999999999999996, {"__ndarray__": [-1.0, -1.0, 1.0, 1.0, 1.0, -1.0, -3.0, -2.0, 1.3333333333333333, -1.0, 1.5, 1.8333333333333328, -0.8181818181818181], "dtype": "float64", "shape": [13]}], [-20.999999999999996, {"__ndarray__": [-1.0, 1.0, -1.0, 1.0, -1.0, -2.0, -1.0, 1.5, 2.0, -3.0, -1.1666666666666665], "dtype": "float64", "shape": [11]}], [-8.000000000000007, {"__ndarray__": [-1.0, -1.0, -1.0, -2.0, -1.5, 1.0, 1.3333333333333335, -1.0000000000000002, 1.5, -1.0, -2.6666666666666665, -1.5, 0.33333333333333354], "dtype": "float64", "shape": [13]}], [-0.9999999999999998, {"__ndarray__": [-1.0, -1.0, 1.0, 2.0, -1.0, -1.4999999999999998, -0.33333333333333326], "dtype": "float64", "shape": [7]}], [-148.00000000000003, {"__ndarray__": [-1.0, -1.0, -1.0, -1.0, -4.0, -1.25, -1.0, 1.0, 1.4000000000000001, 1.0000000000000002, 2.7142857142857135, -2.736842105263157, 1.057692307692308, -0.8909090909090912, 1.3469387755102042, -1.6060606060606046, -1.3962264150943402], "dtype": "float64", "shape": [17]}], [-1.0, {"__ndarray__": [-1.0, -1.0, -1.0, -1.0, -1.0, 1.0], "dtype": "float64", "shape": [6]}], [-73.00000000000014, {"__ndarray__": [-1.0, 1.0, -1.0, -2.0, -1.0, 1.5, -2.333333333333333, -1.8571428571428572, -1.0, 1.0, -1.3846153846153846, 1.6666666666666665, 2.1333333333333333, 1.75, 4.625000000000001, -0.1409266409266412], "dtype": "float64", "shape": [16]}], [28.0, {"__ndarray__": [-1.0, 1.0, -2.0, 1.5, -1.0, -2.0, 1.0, -1.0, 1.3333333333333333, 2.0, -1.75], "dtype": "float64", "shape": [11]}], [-1.0, {"__ndarray__": [-1.0, -1.0, 2.0, 0.5, -2.0, 0.5], "dtype": "float64", "shape": [6]}], [-0.9999999999999998, {"__ndarray__": [-1.0, -1.0, 2.0, -1.0, 1.0, 2.5, -1.2000000000000002, 1.3333333333333335, 0.4999999999999998, -0.25], "dtype": "float64", "shape": [10]}], [-1.0, {"__ndarray__": [-1.0], "dtype": "float64", "shape": [1]}], [-149.0000000000001, {"__ndarray__": [-1.0, -1.0, -2.0, 1.5, -1.3333333333333333, -1.0, -1.4999999999999998, -1.6666666666666667, 1.3, 2.307692307692308, 1.8666666666666671, 0.857142857142857, 0.41666666666666685, -1.9, 1.5263157894736845, -2.56896551724138], "dtype": "float64", "shape": [16]}], [-1.0, {"__ndarray__": [-1.0, -1.0, 1.0, -3.0, 0.3333333333333333, 1.0], "dtype": "float64", "shape": [6]}], [5.000000000000002, {"__ndarray__": [-1.0, -1.0, -1.0, 2.0, -1.5, -1.0, 1.3333333333333333, 1.5, 1.6666666666666665, -1.0, 0.39999999999999997, -1.2500000000000004, -1.0000000000000002], "dtype": "float64", "shape": [13]}], [358.9999999999993, {"__ndarray__": [-1.0, -1.0, 2.0, -1.0, -2.0, -1.0, -1.25, 1.4, 3.285714285714286, 1.4782608695652173, -1.7058823529411764, -1.793103448275862, -1.7307692307692304, 3.0, 2.0, -0.952777777777778, -0.48299319727891127, -0.7223340040241439], "dtype": "float64", "shape": [18]}], [2.0, {"__ndarray__": [-1.0, -1.0, -1.0, 1.0, 2.0, -1.0, -3.0, 1.0, -0.3333333333333333, 1.0], "dtype": "float64", "shape": [10]}], [0.0, {"__ndarray__": [-1.0, 1.0, -1.0, -1.0, -1.0, 1.0, -2.0, -1.0, -1.0, -0.5, 0.0], "dtype": "float64", "shape": [11]}], [2.9999999999999987, {"__ndarray__": [-1.0, -1.0, -1.0, -1.0, -2.0, 3.4999999999999996, -1.8571428571428572, 1.076923076923077, 0.8571428571428573, -0.9999999999999994, -0.3333333333333337, 0.9999999999999996, 0.7499999999999996], "dtype": "float64", "shape": [13]}], [2.0, {"__ndarray__": [-1.0, -1.0, -1.0, 1.0, 2.0, -2.0, -1.0, -0.5], "dtype": "float64", "shape": [8]}], [-1.998401444325282e-14, {"__ndarray__": [-1.0, -1.0, -1.0, 1.0, 2.0, -2.0, -1.25, 1.2000000000000002, -2.0, -1.5, 3.3333333333333326, 0.5333333333333333, 1.8750000000000004, 3.3306690738754696e-16], "dtype": "float64", "shape": [14]}], [-1.0, {"__ndarray__": [-1.0, -1.0, 1.0, 1.0, -1.0], "dtype": "float64", "shape": [5]}], [14.000000000000009, {"__ndarray__": [-1.0, -1.0, -2.0, -1.0, 1.0, -1.5, -2.0, 2.1666666666666665, 0.6923076923076924, -1.4444444444444444, 1.923076923076923, -1.2000000000000004, 0.5000000000000002, 0.9333333333333333], "dtype": "float64", "shape": [14]}], [-0.0, {"__ndarray__": [-1.0, -1.0, -1.0, -1.0, -1.0, 1.0, 0.0], "dtype": "float64", "shape": [7]}], [2.0, {"__ndarray__": [-1.0, -1.0, -2.0, -1.0, -1.0, -3.0, 0.3333333333333333], "dtype": "float64", "shape": [7]}], [-0.0, {"__ndarray__": [-1.0, 0.0], "dtype": "float64", "shape": [2]}], [0.0, {"__ndarray__": [0.0], "dtype": "float64", "shape": [1]}], [-13.000000000000004, {"__ndarray__": [-1.0, -1.0, 2.0, 1.0, -2.0, -1.5000000000000002, -1.0, 1.0, 2.3333333333333335, 1.6428571428571428, -1.565217391304348, -0.8055555555555554, 0.44827586206896575], "dtype": "float64", "shape": [13]}], [-7794.000000000001, {"__ndarray__": [-1.0, -1.0, -1.0, 2.0, 1.5, -1.0, 1.3333333333333333, -2.0, -1.5, -2.5, -2.7, 1.222222222222222, -1.6565656565656561, -2.1585365853658542, 2.0536723163841804, -1.4222833562585966, -2.0270793036750483, -1.58587786259542, 2.34476534296029], "dtype": "float64",